accessory_name,category,brand,compatible_with,price_lkr,stock,warranty,color
Apple 20W USB-C Power Adapter,Charger,Apple,iPhone,8990,25,12 Months,White
Apple MagSafe Charger,Wireless Charger,Apple,iPhone 12 and later,15990,18,12 Months,White
Samsung 25W Super Fast Charger,Charger,Samsung,Galaxy Series,7990,30,12 Months,Black
Samsung 45W Super Fast Charger,Charger,Samsung,Galaxy Series,12990,20,12 Months,Black
Anker Nano 30W Charger,Charger,Anker,Universal,10990,40,18 Months,White
Baseus 65W GaN Charger,Charger,Baseus,Universal,14990,15,12 Months,Black
Apple Lightning Cable 1m,Cable,Apple,iPhone,6990,35,6 Months,White
Samsung USB-C Cable,Cable,Samsung,Galaxy Series,3990,40,6 Months,Black
UGREEN USB-C Cable,Cable,UGREEN,Universal,2990,50,6 Months,Black
Baseus 3-in-1 Cable,Cable,Baseus,Universal,4990,28,6 Months,Black
Apple AirPods 4,Earbuds,Apple,iPhone,69900,10,12 Months,White
Apple AirPods Pro 2,Earbuds,Apple,iPhone,109900,8,12 Months,White
Samsung Galaxy Buds3,Earbuds,Samsung,Galaxy Series,49900,14,12 Months,White
JBL Tune Beam,Earbuds,JBL,Universal,29900,20,12 Months,Black
Sony WF-C700N,Earbuds,Sony,Universal,36990,16,12 Months,Blue
JBL Tune 520BT,Headphones,JBL,Universal,19990,18,12 Months,Blue
Sony WH-CH520,Headphones,Sony,Universal,24990,15,12 Months,Black
Anker Soundcore Q20,Headphones,Anker,Universal,27990,12,18 Months,Black
Apple Silicone Case,Phone Case,Apple,iPhone 15,11990,22,3 Months,Black
Apple Clear Case,Phone Case,Apple,iPhone 15,11990,18,3 Months,Transparent
Samsung Clear Case,Phone Case,Samsung,Galaxy S24,5990,20,3 Months,Transparent
Spigen Rugged Armor,Phone Case,Spigen,Universal,7990,30,6 Months,Black
Ringke Fusion X,Phone Case,Ringke,Universal,8990,24,6 Months,Black
Tempered Glass Screen Protector,Screen Protector,Generic,Universal,1990,60,No Warranty,Clear
Privacy Screen Protector,Screen Protector,ESR,iPhone,4990,25,No Warranty,Black
Camera Lens Protector,Camera Protector,ESR,iPhone 15,3990,25,No Warranty,Clear
SanDisk Ultra 64GB,Memory Card,SanDisk,Android Phones,4990,35,5 Years,Black
SanDisk Ultra 128GB,Memory Card,SanDisk,Android Phones,7990,28,5 Years,Black
Samsung EVO Plus 128GB,Memory Card,Samsung,Android Phones,8990,22,10 Years,White
Samsung EVO Plus 256GB,Memory Card,Samsung,Android Phones,13990,18,10 Years,White
Anker PowerCore 10000,Power Bank,Anker,Universal,11990,20,18 Months,Black
Baseus 20000mAh Power Bank,Power Bank,Baseus,Universal,15990,12,12 Months,Black
Xiaomi 10000mAh Power Bank,Power Bank,Xiaomi,Universal,8990,20,12 Months,Silver
Apple AirTag,Smart Tracker,Apple,iPhone,10990,18,12 Months,White
Samsung SmartTag2,Smart Tracker,Samsung,Galaxy Series,11990,15,12 Months,Black
Baseus Dual USB Car Charger,Car Charger,Baseus,Universal,3990,30,12 Months,Black
Anker USB-C Car Charger,Car Charger,Anker,Universal,5990,18,18 Months,Black
Spigen Car Phone Mount,Car Mount,Spigen,Universal,5990,16,12 Months,Black
Baseus Magnetic Car Mount,Car Mount,Baseus,Universal,4990,18,12 Months,Black
Xiaomi Selfie Stick Tripod,Selfie Stick,Xiaomi,Universal,7990,14,6 Months,Black
JBL Go 4,Bluetooth Speaker,JBL,Universal,17990,18,12 Months,Black
Sony SRS-XB100,Bluetooth Speaker,Sony,Universal,19990,15,12 Months,Blue
Apple Watch Charger,Smartwatch Charger,Apple,Apple Watch,8990,20,12 Months,White
Samsung Watch Charger,Smartwatch Charger,Samsung,Galaxy Watch,7990,18,12 Months,Black
Logitech K480 Keyboard,Keyboard,Logitech,Universal,14990,15,12 Months,Black
Logitech Pebble Mouse,Mouse,Logitech,Universal,8990,22,12 Months,White
UGREEN USB-C OTG Adapter,Adapter,UGREEN,USB-C Phones,2990,35,6 Months,Gray
Baseus USB-C Hub,USB Hub,Baseus,USB-C Phones,11990,15,12 Months,Gray
Black Shark Phone Cooler,Cooling Fan,Black Shark,Gaming Phones,13990,12,12 Months,Black
PUBG Mobile Gaming Triggers,Gaming Accessory,Generic,Universal,2490,40,No Warranty,Black
