entity_type,entity_value,synonyms
brand,Apple,"apple, iphone, ios"
brand,Samsung,"samsung, galaxy, note, ultra"
brand,Xiaomi,"xiaomi, redmi, poco, mi"
brand,Oppo,"oppo, reno, a series"
brand,Vivo,"vivo, y series, v series, x series"
brand,OnePlus,"oneplus, nord"
accessory_type,Charger,"charger, adapter, wall charger, fast charger, charging brick"
accessory_type,Case,"case, cover, back cover, bumper, pouch, silicon case"
accessory_type,Screen Protector,"tempered glass, screen guard, protector, glass"
accessory_type,Earphone,"earphone, headphone, airpods, earbuds, handsfree, bluetooth headset"
accessory_type,Power Bank,"powerbank, portable charger, external battery"
accessory_type,Cable,"charging cable, usb cable, type-c cable, lightning cable"
repair_type,Screen Replacement,"screen repair, display replacement, cracked screen, broken glass, touch screen fix"
repair_type,Battery Replacement,"battery change, battery drain, new battery, swelling battery"
repair_type,Charging Port Repair,"charging issue, port fix, loose port, not charging"
repair_type,Water Damage,"water damage, wet phone, liquid damage, dropped in water"
payment_method,Cash,"cash, cash on delivery, cod, physical cash"
payment_method,Credit Card,"credit card, debit card, visa, mastercard, card payment"
payment_method,Installment,"installment, kiko, mint, easy payment scheme, credit plan"
payment_method,Bank Transfer,"bank transfer, online transfer, bank deposit, fund transfer"
store_location,Colombo,"colombo branch, flagship store, town store"
store_location,Kandy,"kandy branch, hill capital store"
store_location,Galle,"galle branch, southern store"
specification_attribute,RAM,"ram, memory, random access memory"
specification_attribute,Storage,"storage, rom, internal memory, capacity, disk space"
specification_attribute,Camera,"camera, megapixel, mp, lens, front camera, rear camera"
specification_attribute,Battery,"battery, mah, battery life, standby"
specification_attribute,Processor,"processor, chip, chipset, snapdragon, mediatek, bionic"
specification_attribute,Screen Size,"screen size, display size, inches, resolution"
warranty_type,Company Warranty,"official warranty, brand warranty, manufacturer warranty"
warranty_type,Shop Warranty,"store warranty, shop guarantee, vendor warranty"
warranty_type,International Warranty,"global warranty, overseas warranty"
delivery_type,Island-wide Delivery,"home delivery, delivery, shipping, door delivery, islandwide"
delivery_type,Express Delivery,"express delivery, same-day delivery, urgent delivery"
delivery_type,Store Pickup,"pickup, collect from store, self pickup"
price,Budget Range,"budget, cheap, affordable, low cost, economic, price range, under, below, cost"
price,Currency Unit,"lkr, rs, rupees, sri lankan rupees"
price,High-End,"expensive, flagship, premium, high price, cost"
phone_model,iPhone 15 Pro,"iphone 15 pro, ip15 pro"
phone_model,iPhone 15 Pro Max,"iphone 15 pro max, ip15 pro max"
phone_model,iPhone 14,"iphone 14, ip14"
phone_model,iPhone 13,"iphone 13, ip13"
phone_model,Samsung Galaxy S24,"galaxy s24, s24"
phone_model,Samsung Galaxy S24 Ultra,"galaxy s24 ultra, s24 ultra"
phone_model,Samsung Galaxy A54,"galaxy a54, a54"
phone_model,Samsung Galaxy Note 20,"galaxy note 20, note 20"
phone_model,Xiaomi Redmi Note 13,"redmi note 13, note 13"
phone_model,Xiaomi Poco X6,poco x6
phone_model,Oppo Reno 11,reno 11
phone_model,Oppo A78,"oppo a78, a78"
phone_model,Vivo Y36,"vivo y36, y36"
phone_model,Vivo V29,"vivo v29, v29"
phone_model,OnePlus Nord 3,nord 3
phone_model,OnePlus 12,oneplus 12
phone_color,Black,"black, matte black, jet black, midnight"
phone_color,White,"white, pearl white, ivory"
phone_color,Blue,"blue, navy blue, sky blue, ocean blue"
phone_color,Green,"green, mint green, olive green"
phone_color,Red,"red, product red, crimson"
phone_color,Gold,"gold, champagne gold, rose gold"
phone_color,Silver,"silver, titanium silver, grey, gray"
phone_color,Purple,"purple, lavender, violet"
phone_color,Black Titanium,"black titanium, titanium black"
