question,answer,category
Is accidental damage covered in Kandy?,"No, accidental damage is not covered.",Warranty
What are your opening hours today?,We are open daily from 9:00 AM to 8:00 PM.,Store
Can I track my order in Kandy?,"Yes, we'll provide a tracking update.",Delivery
Do you offer islandwide delivery please.,"Yes, we deliver across Sri Lanka.",Delivery
Do phones have a warranty this weekend?,"Yes, all eligible phones include a warranty.",Warranty
Do you offer installments?,"Yes, selected banks are supported.",Payment
Do phones have a warranty for iPhones?,"Yes, all eligible phones include a warranty.",Warranty
Do phones have a warranty please.,"Yes, all eligible phones include a warranty.",Warranty
How much is screen replacement today?,The cost depends on the model.,Repair
Is accidental damage covered in Kandy?,"No, accidental damage is not covered.",Warranty
How much is screen replacement this weekend?,The cost depends on the model.,Repair
Do you repair iPhones for iPhones?,"Yes, we repair supported iPhone models.",Repair
Do you open on Sundays in Kandy?,"Yes, we are open every day.",Store
Where is your shop located in Kandy?,We are located in Colombo.,Store
Can I track my order today?,"Yes, we'll provide a tracking update.",Delivery
Do phones have a warranty for Samsung phones?,"Yes, all eligible phones include a warranty.",Warranty
Do you open on Sundays in Kandy?,"Yes, we are open every day.",Store
What are your opening hours in Kandy?,We are open daily from 9:00 AM to 8:00 PM.,Store
Can I pay by card today?,"Yes, Visa and Mastercard are accepted.",Payment
Can I track my order for iPhones?,"Yes, we'll provide a tracking update.",Delivery
Can I track my order for Samsung phones?,"Yes, we'll provide a tracking update.",Delivery
How long does delivery take in Kandy?,Usually 1-3 working days.,Delivery
Can I pay by card please.,"Yes, Visa and Mastercard are accepted.",Payment
Do you repair iPhones for iPhones?,"Yes, we repair supported iPhone models.",Repair
Do you repair iPhones please.,"Yes, we repair supported iPhone models.",Repair
Do you offer installments?,"Yes, selected banks are supported.",Payment
Do you offer installments for iPhones?,"Yes, selected banks are supported.",Payment
Do you offer installments for Samsung phones?,"Yes, selected banks are supported.",Payment
What are your opening hours for Samsung phones?,We are open daily from 9:00 AM to 8:00 PM.,Store
Do you offer islandwide delivery?,"Yes, we deliver across Sri Lanka.",Delivery
How long is the warranty in Kandy?,Warranty depends on the brand and model.,Warranty
Do you open on Sundays for Samsung phones?,"Yes, we are open every day.",Store
Can I pay online for iPhones?,"Yes, online payments are accepted.",Payment
Do you repair iPhones for iPhones?,"Yes, we repair supported iPhone models.",Repair
Can I track my order for iPhones?,"Yes, we'll provide a tracking update.",Delivery
Do you offer installments this weekend?,"Yes, selected banks are supported.",Payment
Do you offer installments for Samsung phones?,"Yes, selected banks are supported.",Payment
How much is screen replacement please.,The cost depends on the model.,Repair
Do you offer islandwide delivery?,"Yes, we deliver across Sri Lanka.",Delivery
Do you offer islandwide delivery in Kandy?,"Yes, we deliver across Sri Lanka.",Delivery
Do phones have a warranty this weekend?,"Yes, all eligible phones include a warranty.",Warranty
Do you offer installments for Samsung phones?,"Yes, selected banks are supported.",Payment
Can I pay by card today?,"Yes, Visa and Mastercard are accepted.",Payment
Can I pay by card in Kandy?,"Yes, Visa and Mastercard are accepted.",Payment
What are your opening hours for Samsung phones?,We are open daily from 9:00 AM to 8:00 PM.,Store
How long is the warranty please.,Warranty depends on the brand and model.,Warranty
Is accidental damage covered for iPhones?,"No, accidental damage is not covered.",Warranty
Is accidental damage covered for iPhones?,"No, accidental damage is not covered.",Warranty
What are your opening hours in Kandy?,We are open daily from 9:00 AM to 8:00 PM.,Store
Can you replace batteries for iPhones?,"Yes, battery replacement is available.",Repair
Where is your shop located in Kandy?,We are located in Colombo.,Store
How long does delivery take today?,Usually 1-3 working days.,Delivery
How long is the warranty for iPhones?,Warranty depends on the brand and model.,Warranty
Do you offer installments?,"Yes, selected banks are supported.",Payment
Can I pay by card?,"Yes, Visa and Mastercard are accepted.",Payment
Where is your shop located this weekend?,We are located in Colombo.,Store
What are your opening hours this weekend?,We are open daily from 9:00 AM to 8:00 PM.,Store
Do you offer installments in Kandy?,"Yes, selected banks are supported.",Payment
Can you replace batteries for iPhones?,"Yes, battery replacement is available.",Repair
How long does delivery take this weekend?,Usually 1-3 working days.,Delivery
Where is your shop located in Kandy?,We are located in Colombo.,Store
What are your opening hours please.,We are open daily from 9:00 AM to 8:00 PM.,Store
Do you offer islandwide delivery this weekend?,"Yes, we deliver across Sri Lanka.",Delivery
Do phones have a warranty?,"Yes, all eligible phones include a warranty.",Warranty
How long does delivery take please.,Usually 1-3 working days.,Delivery
Can you replace batteries in Kandy?,"Yes, battery replacement is available.",Repair
Do you open on Sundays today?,"Yes, we are open every day.",Store
Do you offer installments please.,"Yes, selected banks are supported.",Payment
What are your opening hours today?,We are open daily from 9:00 AM to 8:00 PM.,Store
How long is the warranty?,Warranty depends on the brand and model.,Warranty
How much is screen replacement?,The cost depends on the model.,Repair
What are your opening hours this weekend?,We are open daily from 9:00 AM to 8:00 PM.,Store
Do phones have a warranty this weekend?,"Yes, all eligible phones include a warranty.",Warranty
Do you offer islandwide delivery for iPhones?,"Yes, we deliver across Sri Lanka.",Delivery
Can I track my order please.,"Yes, we'll provide a tracking update.",Delivery
Can I pay online for Samsung phones?,"Yes, online payments are accepted.",Payment
Can I track my order for iPhones?,"Yes, we'll provide a tracking update.",Delivery
Can I pay by card?,"Yes, Visa and Mastercard are accepted.",Payment
How long does delivery take for Samsung phones?,Usually 1-3 working days.,Delivery
Where is your shop located in Kandy?,We are located in Colombo.,Store
Is accidental damage covered today?,"No, accidental damage is not covered.",Warranty
Do you repair iPhones for Samsung phones?,"Yes, we repair supported iPhone models.",Repair
Can I pay by card please.,"Yes, Visa and Mastercard are accepted.",Payment
Do you repair iPhones in Kandy?,"Yes, we repair supported iPhone models.",Repair
Can I track my order for iPhones?,"Yes, we'll provide a tracking update.",Delivery
What are your opening hours today?,We are open daily from 9:00 AM to 8:00 PM.,Store
Can I track my order?,"Yes, we'll provide a tracking update.",Delivery
Can I track my order for Samsung phones?,"Yes, we'll provide a tracking update.",Delivery
Can I track my order today?,"Yes, we'll provide a tracking update.",Delivery
What are your opening hours for Samsung phones?,We are open daily from 9:00 AM to 8:00 PM.,Store
Do you offer installments today?,"Yes, selected banks are supported.",Payment
How long is the warranty for iPhones?,Warranty depends on the brand and model.,Warranty
Can you replace batteries today?,"Yes, battery replacement is available.",Repair
Can I pay by card?,"Yes, Visa and Mastercard are accepted.",Payment
Do you offer islandwide delivery?,"Yes, we deliver across Sri Lanka.",Delivery
Do phones have a warranty today?,"Yes, all eligible phones include a warranty.",Warranty
What are your opening hours today?,We are open daily from 9:00 AM to 8:00 PM.,Store
Can I track my order this weekend?,"Yes, we'll provide a tracking update.",Delivery
Can I track my order for iPhones?,"Yes, we'll provide a tracking update.",Delivery
How long does delivery take today?,Usually 1-3 working days.,Delivery
Can I pay by card for Samsung phones?,"Yes, Visa and Mastercard are accepted.",Payment
What are your opening hours for Samsung phones?,We are open daily from 9:00 AM to 8:00 PM.,Store
Do you open on Sundays this weekend?,"Yes, we are open every day.",Store
How long is the warranty today?,Warranty depends on the brand and model.,Warranty
Is accidental damage covered for iPhones?,"No, accidental damage is not covered.",Warranty
Can I pay online?,"Yes, online payments are accepted.",Payment
Can I pay online in Kandy?,"Yes, online payments are accepted.",Payment
Can I pay online?,"Yes, online payments are accepted.",Payment
Do you offer installments for iPhones?,"Yes, selected banks are supported.",Payment
Can you replace batteries in Kandy?,"Yes, battery replacement is available.",Repair
Do you offer installments for iPhones?,"Yes, selected banks are supported.",Payment
Can you replace batteries this weekend?,"Yes, battery replacement is available.",Repair
Do you repair iPhones for Samsung phones?,"Yes, we repair supported iPhone models.",Repair
How long does delivery take in Kandy?,Usually 1-3 working days.,Delivery
How much is screen replacement?,The cost depends on the model.,Repair
Do you offer islandwide delivery in Kandy?,"Yes, we deliver across Sri Lanka.",Delivery
Can I track my order in Kandy?,"Yes, we'll provide a tracking update.",Delivery
Can I track my order this weekend?,"Yes, we'll provide a tracking update.",Delivery
Is accidental damage covered this weekend?,"No, accidental damage is not covered.",Warranty
Do you open on Sundays for iPhones?,"Yes, we are open every day.",Store
Do you offer installments for Samsung phones?,"Yes, selected banks are supported.",Payment
How much is screen replacement today?,The cost depends on the model.,Repair
What are your opening hours for Samsung phones?,We are open daily from 9:00 AM to 8:00 PM.,Store
How long does delivery take today?,Usually 1-3 working days.,Delivery
How much is screen replacement for iPhones?,The cost depends on the model.,Repair
How long is the warranty in Kandy?,Warranty depends on the brand and model.,Warranty
Can I pay by card?,"Yes, Visa and Mastercard are accepted.",Payment
How much is screen replacement in Kandy?,The cost depends on the model.,Repair
How long does delivery take for iPhones?,Usually 1-3 working days.,Delivery
Is accidental damage covered please.,"No, accidental damage is not covered.",Warranty
How much is screen replacement in Kandy?,The cost depends on the model.,Repair
How much is screen replacement today?,The cost depends on the model.,Repair
Is accidental damage covered?,"No, accidental damage is not covered.",Warranty
How long is the warranty this weekend?,Warranty depends on the brand and model.,Warranty
How long is the warranty please.,Warranty depends on the brand and model.,Warranty
Do phones have a warranty for Samsung phones?,"Yes, all eligible phones include a warranty.",Warranty
Do you offer islandwide delivery today?,"Yes, we deliver across Sri Lanka.",Delivery
How long does delivery take today?,Usually 1-3 working days.,Delivery
Can you replace batteries please.,"Yes, battery replacement is available.",Repair
How long does delivery take?,Usually 1-3 working days.,Delivery
Do you open on Sundays?,"Yes, we are open every day.",Store
How long is the warranty for iPhones?,Warranty depends on the brand and model.,Warranty
Do you offer installments this weekend?,"Yes, selected banks are supported.",Payment
Do you repair iPhones for iPhones?,"Yes, we repair supported iPhone models.",Repair
Can you replace batteries for iPhones?,"Yes, battery replacement is available.",Repair
Can I pay by card today?,"Yes, Visa and Mastercard are accepted.",Payment
Can I pay online please.,"Yes, online payments are accepted.",Payment
Is accidental damage covered this weekend?,"No, accidental damage is not covered.",Warranty
How long is the warranty for Samsung phones?,Warranty depends on the brand and model.,Warranty
Can I pay online this weekend?,"Yes, online payments are accepted.",Payment
Can I track my order in Kandy?,"Yes, we'll provide a tracking update.",Delivery
How long does delivery take for iPhones?,Usually 1-3 working days.,Delivery
Do you repair iPhones for iPhones?,"Yes, we repair supported iPhone models.",Repair
Where is your shop located?,We are located in Colombo.,Store
How much is screen replacement?,The cost depends on the model.,Repair
Do you offer islandwide delivery in Kandy?,"Yes, we deliver across Sri Lanka.",Delivery
Can I pay online today?,"Yes, online payments are accepted.",Payment
What are your opening hours for Samsung phones?,We are open daily from 9:00 AM to 8:00 PM.,Store
What are your opening hours?,We are open daily from 9:00 AM to 8:00 PM.,Store
Can I pay online this weekend?,"Yes, online payments are accepted.",Payment
Can I pay by card this weekend?,"Yes, Visa and Mastercard are accepted.",Payment
Can you replace batteries this weekend?,"Yes, battery replacement is available.",Repair
Can I track my order for Samsung phones?,"Yes, we'll provide a tracking update.",Delivery
Do phones have a warranty for Samsung phones?,"Yes, all eligible phones include a warranty.",Warranty
How much is screen replacement today?,The cost depends on the model.,Repair
Can I track my order for iPhones?,"Yes, we'll provide a tracking update.",Delivery
Is accidental damage covered?,"No, accidental damage is not covered.",Warranty
What are your opening hours in Kandy?,We are open daily from 9:00 AM to 8:00 PM.,Store
Is accidental damage covered this weekend?,"No, accidental damage is not covered.",Warranty
Is accidental damage covered for Samsung phones?,"No, accidental damage is not covered.",Warranty
Do you offer installments?,"Yes, selected banks are supported.",Payment
Can I track my order this weekend?,"Yes, we'll provide a tracking update.",Delivery
Is accidental damage covered this weekend?,"No, accidental damage is not covered.",Warranty
Can you replace batteries?,"Yes, battery replacement is available.",Repair
How long is the warranty for iPhones?,Warranty depends on the brand and model.,Warranty
Do you open on Sundays please.,"Yes, we are open every day.",Store
How much is screen replacement for Samsung phones?,The cost depends on the model.,Repair
Do you offer installments please.,"Yes, selected banks are supported.",Payment
How much is screen replacement for Samsung phones?,The cost depends on the model.,Repair
What are your opening hours today?,We are open daily from 9:00 AM to 8:00 PM.,Store
How much is screen replacement today?,The cost depends on the model.,Repair
Can I pay online in Kandy?,"Yes, online payments are accepted.",Payment
Do you offer installments this weekend?,"Yes, selected banks are supported.",Payment
Can I pay by card for Samsung phones?,"Yes, Visa and Mastercard are accepted.",Payment
How long is the warranty?,Warranty depends on the brand and model.,Warranty
Is accidental damage covered?,"No, accidental damage is not covered.",Warranty
Do you offer installments for iPhones?,"Yes, selected banks are supported.",Payment
Do you offer islandwide delivery for iPhones?,"Yes, we deliver across Sri Lanka.",Delivery
Do you repair iPhones please.,"Yes, we repair supported iPhone models.",Repair
How much is screen replacement today?,The cost depends on the model.,Repair
How much is screen replacement this weekend?,The cost depends on the model.,Repair
How long does delivery take for iPhones?,Usually 1-3 working days.,Delivery
Can I track my order this weekend?,"Yes, we'll provide a tracking update.",Delivery
Can I pay online today?,"Yes, online payments are accepted.",Payment
Do phones have a warranty in Kandy?,"Yes, all eligible phones include a warranty.",Warranty
How long is the warranty please.,Warranty depends on the brand and model.,Warranty
Do phones have a warranty in Kandy?,"Yes, all eligible phones include a warranty.",Warranty
Do you offer islandwide delivery for Samsung phones?,"Yes, we deliver across Sri Lanka.",Delivery
How long does delivery take?,Usually 1-3 working days.,Delivery
How much is screen replacement today?,The cost depends on the model.,Repair
How much is screen replacement for iPhones?,The cost depends on the model.,Repair
Is accidental damage covered today?,"No, accidental damage is not covered.",Warranty
Do you offer installments?,"Yes, selected banks are supported.",Payment
Do you open on Sundays for Samsung phones?,"Yes, we are open every day.",Store
Where is your shop located please.,We are located in Colombo.,Store
Can I pay online this weekend?,"Yes, online payments are accepted.",Payment
Can I pay online in Kandy?,"Yes, online payments are accepted.",Payment
Do you offer islandwide delivery please.,"Yes, we deliver across Sri Lanka.",Delivery
How long does delivery take this weekend?,Usually 1-3 working days.,Delivery
Do you offer installments for iPhones?,"Yes, selected banks are supported.",Payment
How much is screen replacement this weekend?,The cost depends on the model.,Repair
Is accidental damage covered today?,"No, accidental damage is not covered.",Warranty
Can I track my order today?,"Yes, we'll provide a tracking update.",Delivery
Can I pay by card in Kandy?,"Yes, Visa and Mastercard are accepted.",Payment
How much is screen replacement in Kandy?,The cost depends on the model.,Repair
Can you replace batteries please.,"Yes, battery replacement is available.",Repair
Can I track my order please.,"Yes, we'll provide a tracking update.",Delivery
How long is the warranty please.,Warranty depends on the brand and model.,Warranty
Is accidental damage covered please.,"No, accidental damage is not covered.",Warranty
How long does delivery take for iPhones?,Usually 1-3 working days.,Delivery
What are your opening hours in Kandy?,We are open daily from 9:00 AM to 8:00 PM.,Store
Can I pay online?,"Yes, online payments are accepted.",Payment
Can I track my order this weekend?,"Yes, we'll provide a tracking update.",Delivery
How much is screen replacement please.,The cost depends on the model.,Repair
Is accidental damage covered?,"No, accidental damage is not covered.",Warranty
Do you repair iPhones in Kandy?,"Yes, we repair supported iPhone models.",Repair
Can I pay online today?,"Yes, online payments are accepted.",Payment
Do you offer installments today?,"Yes, selected banks are supported.",Payment
Is accidental damage covered this weekend?,"No, accidental damage is not covered.",Warranty
How long does delivery take this weekend?,Usually 1-3 working days.,Delivery
Where is your shop located please.,We are located in Colombo.,Store
Do you offer installments?,"Yes, selected banks are supported.",Payment
How long does delivery take for iPhones?,Usually 1-3 working days.,Delivery
How much is screen replacement?,The cost depends on the model.,Repair
How long is the warranty in Kandy?,Warranty depends on the brand and model.,Warranty
Do you offer islandwide delivery?,"Yes, we deliver across Sri Lanka.",Delivery
Can I pay online please.,"Yes, online payments are accepted.",Payment
How much is screen replacement this weekend?,The cost depends on the model.,Repair
Do you offer installments for iPhones?,"Yes, selected banks are supported.",Payment
Do phones have a warranty please.,"Yes, all eligible phones include a warranty.",Warranty
Do you offer installments for Samsung phones?,"Yes, selected banks are supported.",Payment
Can I pay by card please.,"Yes, Visa and Mastercard are accepted.",Payment
Can I pay by card for iPhones?,"Yes, Visa and Mastercard are accepted.",Payment
Do you offer installments for Samsung phones?,"Yes, selected banks are supported.",Payment
Do you offer installments please.,"Yes, selected banks are supported.",Payment
How long is the warranty for iPhones?,Warranty depends on the brand and model.,Warranty
Can I track my order?,"Yes, we'll provide a tracking update.",Delivery
How long is the warranty in Kandy?,Warranty depends on the brand and model.,Warranty
How much is screen replacement for iPhones?,The cost depends on the model.,Repair
How much is screen replacement for Samsung phones?,The cost depends on the model.,Repair
Do you open on Sundays?,"Yes, we are open every day.",Store
Where is your shop located?,We are located in Colombo.,Store
What are your opening hours in Kandy?,We are open daily from 9:00 AM to 8:00 PM.,Store
Do you offer installments please.,"Yes, selected banks are supported.",Payment
Is accidental damage covered for iPhones?,"No, accidental damage is not covered.",Warranty
Do you offer installments please.,"Yes, selected banks are supported.",Payment
How long does delivery take?,Usually 1-3 working days.,Delivery
Do you offer islandwide delivery this weekend?,"Yes, we deliver across Sri Lanka.",Delivery
Do you offer installments in Kandy?,"Yes, selected banks are supported.",Payment
Can I pay by card this weekend?,"Yes, Visa and Mastercard are accepted.",Payment
Is accidental damage covered for iPhones?,"No, accidental damage is not covered.",Warranty
How long is the warranty this weekend?,Warranty depends on the brand and model.,Warranty
Where is your shop located this weekend?,We are located in Colombo.,Store
Can I pay online today?,"Yes, online payments are accepted.",Payment
Do you open on Sundays for iPhones?,"Yes, we are open every day.",Store
What are your opening hours please.,We are open daily from 9:00 AM to 8:00 PM.,Store
How long does delivery take for iPhones?,Usually 1-3 working days.,Delivery
Is accidental damage covered in Kandy?,"No, accidental damage is not covered.",Warranty
Do you open on Sundays please.,"Yes, we are open every day.",Store
Do you offer islandwide delivery please.,"Yes, we deliver across Sri Lanka.",Delivery
What are your opening hours today?,We are open daily from 9:00 AM to 8:00 PM.,Store
How long does delivery take for iPhones?,Usually 1-3 working days.,Delivery
Do you offer installments please.,"Yes, selected banks are supported.",Payment
Do you offer islandwide delivery?,"Yes, we deliver across Sri Lanka.",Delivery
Do you open on Sundays?,"Yes, we are open every day.",Store
How long is the warranty in Kandy?,Warranty depends on the brand and model.,Warranty
Can I track my order in Kandy?,"Yes, we'll provide a tracking update.",Delivery
How long is the warranty please.,Warranty depends on the brand and model.,Warranty
Can you replace batteries for Samsung phones?,"Yes, battery replacement is available.",Repair
How much is screen replacement please.,The cost depends on the model.,Repair
Is accidental damage covered this weekend?,"No, accidental damage is not covered.",Warranty
Can I track my order for Samsung phones?,"Yes, we'll provide a tracking update.",Delivery
Can you replace batteries today?,"Yes, battery replacement is available.",Repair
Is accidental damage covered for Samsung phones?,"No, accidental damage is not covered.",Warranty
Do phones have a warranty in Kandy?,"Yes, all eligible phones include a warranty.",Warranty
Where is your shop located?,We are located in Colombo.,Store
Do you offer islandwide delivery please.,"Yes, we deliver across Sri Lanka.",Delivery
Can I pay by card in Kandy?,"Yes, Visa and Mastercard are accepted.",Payment
Where is your shop located for iPhones?,We are located in Colombo.,Store
Do you repair iPhones today?,"Yes, we repair supported iPhone models.",Repair
How long is the warranty please.,Warranty depends on the brand and model.,Warranty
Do you open on Sundays please.,"Yes, we are open every day.",Store
Do you open on Sundays today?,"Yes, we are open every day.",Store
Do you offer islandwide delivery?,"Yes, we deliver across Sri Lanka.",Delivery
Do you offer installments today?,"Yes, selected banks are supported.",Payment
Can I track my order for Samsung phones?,"Yes, we'll provide a tracking update.",Delivery
Can you replace batteries please.,"Yes, battery replacement is available.",Repair
Is accidental damage covered for Samsung phones?,"No, accidental damage is not covered.",Warranty
What are your opening hours please.,We are open daily from 9:00 AM to 8:00 PM.,Store
How long does delivery take for iPhones?,Usually 1-3 working days.,Delivery
Do you repair iPhones for Samsung phones?,"Yes, we repair supported iPhone models.",Repair
What are your opening hours today?,We are open daily from 9:00 AM to 8:00 PM.,Store
Do phones have a warranty this weekend?,"Yes, all eligible phones include a warranty.",Warranty
Do you offer islandwide delivery?,"Yes, we deliver across Sri Lanka.",Delivery
Do you offer islandwide delivery for iPhones?,"Yes, we deliver across Sri Lanka.",Delivery
Do you offer islandwide delivery today?,"Yes, we deliver across Sri Lanka.",Delivery
What are your opening hours?,We are open daily from 9:00 AM to 8:00 PM.,Store
Do phones have a warranty in Kandy?,"Yes, all eligible phones include a warranty.",Warranty
Do you offer islandwide delivery this weekend?,"Yes, we deliver across Sri Lanka.",Delivery
Where is your shop located today?,We are located in Colombo.,Store
Do you offer installments in Kandy?,"Yes, selected banks are supported.",Payment
How much is screen replacement today?,The cost depends on the model.,Repair
How long is the warranty for iPhones?,Warranty depends on the brand and model.,Warranty
How much is screen replacement for iPhones?,The cost depends on the model.,Repair
Do phones have a warranty for iPhones?,"Yes, all eligible phones include a warranty.",Warranty
How much is screen replacement?,The cost depends on the model.,Repair
How long is the warranty for iPhones?,Warranty depends on the brand and model.,Warranty
How much is screen replacement for iPhones?,The cost depends on the model.,Repair
Where is your shop located this weekend?,We are located in Colombo.,Store
How long does delivery take today?,Usually 1-3 working days.,Delivery
Do you repair iPhones please.,"Yes, we repair supported iPhone models.",Repair
Do phones have a warranty for iPhones?,"Yes, all eligible phones include a warranty.",Warranty
How long is the warranty today?,Warranty depends on the brand and model.,Warranty
Can I pay online this weekend?,"Yes, online payments are accepted.",Payment
How long does delivery take please.,Usually 1-3 working days.,Delivery
Can I pay by card today?,"Yes, Visa and Mastercard are accepted.",Payment
Can I track my order today?,"Yes, we'll provide a tracking update.",Delivery
How long does delivery take this weekend?,Usually 1-3 working days.,Delivery
Do phones have a warranty in Kandy?,"Yes, all eligible phones include a warranty.",Warranty
Do you offer installments this weekend?,"Yes, selected banks are supported.",Payment
How much is screen replacement for iPhones?,The cost depends on the model.,Repair
Where is your shop located in Kandy?,We are located in Colombo.,Store
How much is screen replacement today?,The cost depends on the model.,Repair
Do phones have a warranty please.,"Yes, all eligible phones include a warranty.",Warranty
How much is screen replacement?,The cost depends on the model.,Repair
Do you open on Sundays please.,"Yes, we are open every day.",Store
Can I pay online please.,"Yes, online payments are accepted.",Payment
Do you offer islandwide delivery today?,"Yes, we deliver across Sri Lanka.",Delivery
What are your opening hours please.,We are open daily from 9:00 AM to 8:00 PM.,Store
Where is your shop located in Kandy?,We are located in Colombo.,Store
Can I track my order?,"Yes, we'll provide a tracking update.",Delivery
Can you replace batteries please.,"Yes, battery replacement is available.",Repair
Can I pay online?,"Yes, online payments are accepted.",Payment
Can I pay by card please.,"Yes, Visa and Mastercard are accepted.",Payment
Can I track my order for iPhones?,"Yes, we'll provide a tracking update.",Delivery
How long does delivery take for Samsung phones?,Usually 1-3 working days.,Delivery
Do phones have a warranty today?,"Yes, all eligible phones include a warranty.",Warranty
How long is the warranty this weekend?,Warranty depends on the brand and model.,Warranty
Can I track my order this weekend?,"Yes, we'll provide a tracking update.",Delivery
Is accidental damage covered for Samsung phones?,"No, accidental damage is not covered.",Warranty
How long does delivery take for Samsung phones?,Usually 1-3 working days.,Delivery
Do you offer installments for iPhones?,"Yes, selected banks are supported.",Payment
How long is the warranty for Samsung phones?,Warranty depends on the brand and model.,Warranty
Do you offer islandwide delivery please.,"Yes, we deliver across Sri Lanka.",Delivery
How long is the warranty today?,Warranty depends on the brand and model.,Warranty
Can I track my order this weekend?,"Yes, we'll provide a tracking update.",Delivery
How long is the warranty for iPhones?,Warranty depends on the brand and model.,Warranty
Where is your shop located?,We are located in Colombo.,Store
Do you repair iPhones today?,"Yes, we repair supported iPhone models.",Repair
Do you offer islandwide delivery in Kandy?,"Yes, we deliver across Sri Lanka.",Delivery
Can I pay by card this weekend?,"Yes, Visa and Mastercard are accepted.",Payment
Do you offer installments in Kandy?,"Yes, selected banks are supported.",Payment
Can I pay by card this weekend?,"Yes, Visa and Mastercard are accepted.",Payment
Do you offer islandwide delivery for iPhones?,"Yes, we deliver across Sri Lanka.",Delivery
How long is the warranty please.,Warranty depends on the brand and model.,Warranty
Can you replace batteries this weekend?,"Yes, battery replacement is available.",Repair
Can I pay online please.,"Yes, online payments are accepted.",Payment
Where is your shop located in Kandy?,We are located in Colombo.,Store
How much is screen replacement in Kandy?,The cost depends on the model.,Repair
Do you offer islandwide delivery for iPhones?,"Yes, we deliver across Sri Lanka.",Delivery
How long is the warranty please.,Warranty depends on the brand and model.,Warranty
Do you open on Sundays this weekend?,"Yes, we are open every day.",Store
How much is screen replacement this weekend?,The cost depends on the model.,Repair
What are your opening hours today?,We are open daily from 9:00 AM to 8:00 PM.,Store
Where is your shop located please.,We are located in Colombo.,Store
Do you offer installments this weekend?,"Yes, selected banks are supported.",Payment
Do you open on Sundays?,"Yes, we are open every day.",Store
Do you offer islandwide delivery this weekend?,"Yes, we deliver across Sri Lanka.",Delivery
How long does delivery take?,Usually 1-3 working days.,Delivery
Do you offer installments in Kandy?,"Yes, selected banks are supported.",Payment
Do phones have a warranty please.,"Yes, all eligible phones include a warranty.",Warranty
Is accidental damage covered in Kandy?,"No, accidental damage is not covered.",Warranty
Do you repair iPhones for Samsung phones?,"Yes, we repair supported iPhone models.",Repair
Where is your shop located this weekend?,We are located in Colombo.,Store
Is accidental damage covered for Samsung phones?,"No, accidental damage is not covered.",Warranty
Is accidental damage covered for iPhones?,"No, accidental damage is not covered.",Warranty
Can you replace batteries this weekend?,"Yes, battery replacement is available.",Repair
Can I pay by card this weekend?,"Yes, Visa and Mastercard are accepted.",Payment
Where is your shop located for Samsung phones?,We are located in Colombo.,Store
Where is your shop located in Kandy?,We are located in Colombo.,Store
Do you offer islandwide delivery for iPhones?,"Yes, we deliver across Sri Lanka.",Delivery
What are your opening hours in Kandy?,We are open daily from 9:00 AM to 8:00 PM.,Store
Do you repair iPhones?,"Yes, we repair supported iPhone models.",Repair
What are your opening hours?,We are open daily from 9:00 AM to 8:00 PM.,Store
Can I pay online in Kandy?,"Yes, online payments are accepted.",Payment
Where is your shop located please.,We are located in Colombo.,Store
Do you offer installments in Kandy?,"Yes, selected banks are supported.",Payment
Can I pay online in Kandy?,"Yes, online payments are accepted.",Payment
What are your opening hours today?,We are open daily from 9:00 AM to 8:00 PM.,Store
Can you replace batteries please.,"Yes, battery replacement is available.",Repair
How much is screen replacement this weekend?,The cost depends on the model.,Repair
Can I pay online for iPhones?,"Yes, online payments are accepted.",Payment
How long does delivery take this weekend?,Usually 1-3 working days.,Delivery
What are your opening hours this weekend?,We are open daily from 9:00 AM to 8:00 PM.,Store
Do you offer installments today?,"Yes, selected banks are supported.",Payment
Do phones have a warranty for iPhones?,"Yes, all eligible phones include a warranty.",Warranty
Do you offer installments?,"Yes, selected banks are supported.",Payment
Do you offer installments today?,"Yes, selected banks are supported.",Payment
Do you open on Sundays this weekend?,"Yes, we are open every day.",Store
Can you replace batteries for iPhones?,"Yes, battery replacement is available.",Repair
Can I pay by card?,"Yes, Visa and Mastercard are accepted.",Payment
Where is your shop located please.,We are located in Colombo.,Store
Do you offer installments?,"Yes, selected banks are supported.",Payment
Do you offer installments?,"Yes, selected banks are supported.",Payment
Do you offer installments today?,"Yes, selected banks are supported.",Payment
Do you open on Sundays?,"Yes, we are open every day.",Store
Can I pay by card for Samsung phones?,"Yes, Visa and Mastercard are accepted.",Payment
How much is screen replacement today?,The cost depends on the model.,Repair
Do you offer islandwide delivery this weekend?,"Yes, we deliver across Sri Lanka.",Delivery
Is accidental damage covered in Kandy?,"No, accidental damage is not covered.",Warranty
Is accidental damage covered for Samsung phones?,"No, accidental damage is not covered.",Warranty
Do you offer installments in Kandy?,"Yes, selected banks are supported.",Payment
Do you repair iPhones?,"Yes, we repair supported iPhone models.",Repair
Where is your shop located please.,We are located in Colombo.,Store
Do you offer islandwide delivery?,"Yes, we deliver across Sri Lanka.",Delivery
Do you offer installments?,"Yes, selected banks are supported.",Payment
Do you open on Sundays please.,"Yes, we are open every day.",Store
How much is screen replacement this weekend?,The cost depends on the model.,Repair
Can I pay online in Kandy?,"Yes, online payments are accepted.",Payment
Do you repair iPhones this weekend?,"Yes, we repair supported iPhone models.",Repair
How long is the warranty for Samsung phones?,Warranty depends on the brand and model.,Warranty
Can I pay by card?,"Yes, Visa and Mastercard are accepted.",Payment
Can I track my order today?,"Yes, we'll provide a tracking update.",Delivery
Can I track my order for Samsung phones?,"Yes, we'll provide a tracking update.",Delivery
What are your opening hours for iPhones?,We are open daily from 9:00 AM to 8:00 PM.,Store
Do you open on Sundays please.,"Yes, we are open every day.",Store
How long is the warranty today?,Warranty depends on the brand and model.,Warranty
Is accidental damage covered this weekend?,"No, accidental damage is not covered.",Warranty
How long does delivery take this weekend?,Usually 1-3 working days.,Delivery
What are your opening hours today?,We are open daily from 9:00 AM to 8:00 PM.,Store
How much is screen replacement please.,The cost depends on the model.,Repair
Can I pay online for iPhones?,"Yes, online payments are accepted.",Payment
Do you offer islandwide delivery please.,"Yes, we deliver across Sri Lanka.",Delivery
How much is screen replacement?,The cost depends on the model.,Repair
How long is the warranty today?,Warranty depends on the brand and model.,Warranty
Can I pay online in Kandy?,"Yes, online payments are accepted.",Payment
How long is the warranty today?,Warranty depends on the brand and model.,Warranty
Do you repair iPhones this weekend?,"Yes, we repair supported iPhone models.",Repair
Can I pay online for iPhones?,"Yes, online payments are accepted.",Payment
How long does delivery take this weekend?,Usually 1-3 working days.,Delivery
How long does delivery take?,Usually 1-3 working days.,Delivery
Do phones have a warranty for Samsung phones?,"Yes, all eligible phones include a warranty.",Warranty
Do you repair iPhones this weekend?,"Yes, we repair supported iPhone models.",Repair
Is accidental damage covered today?,"No, accidental damage is not covered.",Warranty
Is accidental damage covered this weekend?,"No, accidental damage is not covered.",Warranty
How long does delivery take this weekend?,Usually 1-3 working days.,Delivery
Where is your shop located?,We are located in Colombo.,Store
How much is screen replacement this weekend?,The cost depends on the model.,Repair
Can you replace batteries please.,"Yes, battery replacement is available.",Repair
Is accidental damage covered?,"No, accidental damage is not covered.",Warranty
How long is the warranty please.,Warranty depends on the brand and model.,Warranty
Do you open on Sundays?,"Yes, we are open every day.",Store
Do you offer islandwide delivery this weekend?,"Yes, we deliver across Sri Lanka.",Delivery
What are your opening hours this weekend?,We are open daily from 9:00 AM to 8:00 PM.,Store
Can I pay online in Kandy?,"Yes, online payments are accepted.",Payment
Can you replace batteries for Samsung phones?,"Yes, battery replacement is available.",Repair
Can you replace batteries for Samsung phones?,"Yes, battery replacement is available.",Repair
Can I pay by card in Kandy?,"Yes, Visa and Mastercard are accepted.",Payment
How long does delivery take in Kandy?,Usually 1-3 working days.,Delivery
Do you open on Sundays for Samsung phones?,"Yes, we are open every day.",Store
How much is screen replacement please.,The cost depends on the model.,Repair
How long is the warranty for iPhones?,Warranty depends on the brand and model.,Warranty
Do you offer islandwide delivery for iPhones?,"Yes, we deliver across Sri Lanka.",Delivery
How much is screen replacement?,The cost depends on the model.,Repair
Can you replace batteries this weekend?,"Yes, battery replacement is available.",Repair
Do you offer islandwide delivery in Kandy?,"Yes, we deliver across Sri Lanka.",Delivery
Do you repair iPhones for iPhones?,"Yes, we repair supported iPhone models.",Repair
Can I pay online for Samsung phones?,"Yes, online payments are accepted.",Payment
Do you open on Sundays for Samsung phones?,"Yes, we are open every day.",Store
Can I track my order today?,"Yes, we'll provide a tracking update.",Delivery
Is accidental damage covered for Samsung phones?,"No, accidental damage is not covered.",Warranty
Can I track my order for Samsung phones?,"Yes, we'll provide a tracking update.",Delivery
Do you repair iPhones for iPhones?,"Yes, we repair supported iPhone models.",Repair
Do you offer islandwide delivery for Samsung phones?,"Yes, we deliver across Sri Lanka.",Delivery
Where is your shop located today?,We are located in Colombo.,Store
How long is the warranty?,Warranty depends on the brand and model.,Warranty
Where is your shop located in Kandy?,We are located in Colombo.,Store
What are your opening hours?,We are open daily from 9:00 AM to 8:00 PM.,Store
Do phones have a warranty in Kandy?,"Yes, all eligible phones include a warranty.",Warranty
Can I pay by card this weekend?,"Yes, Visa and Mastercard are accepted.",Payment
Where is your shop located this weekend?,We are located in Colombo.,Store
Do you repair iPhones this weekend?,"Yes, we repair supported iPhone models.",Repair
Do you offer islandwide delivery for iPhones?,"Yes, we deliver across Sri Lanka.",Delivery
How much is screen replacement for iPhones?,The cost depends on the model.,Repair
Can I track my order in Kandy?,"Yes, we'll provide a tracking update.",Delivery
What are your opening hours in Kandy?,We are open daily from 9:00 AM to 8:00 PM.,Store
How much is screen replacement in Kandy?,The cost depends on the model.,Repair
Do you repair iPhones please.,"Yes, we repair supported iPhone models.",Repair
Can you replace batteries for Samsung phones?,"Yes, battery replacement is available.",Repair
What are your opening hours please.,We are open daily from 9:00 AM to 8:00 PM.,Store
