accessory_name,category,brand,compatible_with,price_lkr,stock,warranty,color,lowercase,no_punctuation,tokens,no_stopwords,stemmed,lemmatized,processed_text
Apple 20W USB-C Power Adapter,Charger,Apple,iPhone,8990,25,12 Months,White,apple 20w usb-c power adapter,apple 20w usbc power adapter,"['apple', '20w', 'usbc', 'power', 'adapter']","['apple', '20w', 'usbc', 'power', 'adapter']","['appl', '20w', 'usbc', 'power', 'adapt']","['apple', '20w', 'usbc', 'power', 'adapter']",apple 20w usbc power adapter
Apple MagSafe Charger,Wireless Charger,Apple,iPhone 12 and later,15990,18,12 Months,White,apple magsafe charger,apple magsafe charger,"['apple', 'magsafe', 'charger']","['apple', 'magsafe', 'charger']","['appl', 'magsaf', 'charger']","['apple', 'magsafe', 'charger']",apple magsafe charger
Samsung 25W Super Fast Charger,Charger,Samsung,Galaxy Series,7990,30,12 Months,Black,samsung 25w super fast charger,samsung 25w super fast charger,"['samsung', '25w', 'super', 'fast', 'charger']","['samsung', '25w', 'super', 'fast', 'charger']","['samsung', '25w', 'super', 'fast', 'charger']","['samsung', '25w', 'super', 'fast', 'charger']",samsung 25w super fast charger
Samsung 45W Super Fast Charger,Charger,Samsung,Galaxy Series,12990,20,12 Months,Black,samsung 45w super fast charger,samsung 45w super fast charger,"['samsung', '45w', 'super', 'fast', 'charger']","['samsung', '45w', 'super', 'fast', 'charger']","['samsung', '45w', 'super', 'fast', 'charger']","['samsung', '45w', 'super', 'fast', 'charger']",samsung 45w super fast charger
Anker Nano 30W Charger,Charger,Anker,Universal,10990,40,18 Months,White,anker nano 30w charger,anker nano 30w charger,"['anker', 'nano', '30w', 'charger']","['anker', 'nano', '30w', 'charger']","['anker', 'nano', '30w', 'charger']","['anker', 'nano', '30w', 'charger']",anker nano 30w charger
Baseus 65W GaN Charger,Charger,Baseus,Universal,14990,15,12 Months,Black,baseus 65w gan charger,baseus 65w gan charger,"['baseus', '65w', 'gan', 'charger']","['baseus', '65w', 'gan', 'charger']","['baseu', '65w', 'gan', 'charger']","['baseus', '65w', 'gan', 'charger']",baseus 65w gan charger
Apple Lightning Cable 1m,Cable,Apple,iPhone,6990,35,6 Months,White,apple lightning cable 1m,apple lightning cable 1m,"['apple', 'lightning', 'cable', '1m']","['apple', 'lightning', 'cable', '1m']","['appl', 'lightn', 'cabl', '1m']","['apple', 'lightning', 'cable', '1m']",apple lightning cable 1m
Samsung USB-C Cable,Cable,Samsung,Galaxy Series,3990,40,6 Months,Black,samsung usb-c cable,samsung usbc cable,"['samsung', 'usbc', 'cable']","['samsung', 'usbc', 'cable']","['samsung', 'usbc', 'cabl']","['samsung', 'usbc', 'cable']",samsung usbc cable
UGREEN USB-C Cable,Cable,UGREEN,Universal,2990,50,6 Months,Black,ugreen usb-c cable,ugreen usbc cable,"['ugreen', 'usbc', 'cable']","['ugreen', 'usbc', 'cable']","['ugreen', 'usbc', 'cabl']","['ugreen', 'usbc', 'cable']",ugreen usbc cable
Baseus 3-in-1 Cable,Cable,Baseus,Universal,4990,28,6 Months,Black,baseus 3-in-1 cable,baseus 3in1 cable,"['baseus', '3in1', 'cable']","['baseus', '3in1', 'cable']","['baseu', '3in1', 'cabl']","['baseus', '3in1', 'cable']",baseus 3in1 cable
Apple AirPods 4,Earbuds,Apple,iPhone,69900,10,12 Months,White,apple airpods 4,apple airpods 4,"['apple', 'airpods', '4']","['apple', 'airpods', '4']","['appl', 'airpod', '4']","['apple', 'airpods', '4']",apple airpods 4
Apple AirPods Pro 2,Earbuds,Apple,iPhone,109900,8,12 Months,White,apple airpods pro 2,apple airpods pro 2,"['apple', 'airpods', 'pro', '2']","['apple', 'airpods', 'pro', '2']","['appl', 'airpod', 'pro', '2']","['apple', 'airpods', 'pro', '2']",apple airpods pro 2
Samsung Galaxy Buds3,Earbuds,Samsung,Galaxy Series,49900,14,12 Months,White,samsung galaxy buds3,samsung galaxy buds3,"['samsung', 'galaxy', 'buds3']","['samsung', 'galaxy', 'buds3']","['samsung', 'galaxi', 'buds3']","['samsung', 'galaxy', 'buds3']",samsung galaxy buds3
JBL Tune Beam,Earbuds,JBL,Universal,29900,20,12 Months,Black,jbl tune beam,jbl tune beam,"['jbl', 'tune', 'beam']","['jbl', 'tune', 'beam']","['jbl', 'tune', 'beam']","['jbl', 'tune', 'beam']",jbl tune beam
Sony WF-C700N,Earbuds,Sony,Universal,36990,16,12 Months,Blue,sony wf-c700n,sony wfc700n,"['sony', 'wfc700n']","['sony', 'wfc700n']","['soni', 'wfc700n']","['sony', 'wfc700n']",sony wfc700n
JBL Tune 520BT,Headphones,JBL,Universal,19990,18,12 Months,Blue,jbl tune 520bt,jbl tune 520bt,"['jbl', 'tune', '520bt']","['jbl', 'tune', '520bt']","['jbl', 'tune', '520bt']","['jbl', 'tune', '520bt']",jbl tune 520bt
Sony WH-CH520,Headphones,Sony,Universal,24990,15,12 Months,Black,sony wh-ch520,sony whch520,"['sony', 'whch520']","['sony', 'whch520']","['soni', 'whch520']","['sony', 'whch520']",sony whch520
Anker Soundcore Q20,Headphones,Anker,Universal,27990,12,18 Months,Black,anker soundcore q20,anker soundcore q20,"['anker', 'soundcore', 'q20']","['anker', 'soundcore', 'q20']","['anker', 'soundcor', 'q20']","['anker', 'soundcore', 'q20']",anker soundcore q20
Apple Silicone Case,Phone Case,Apple,iPhone 15,11990,22,3 Months,Black,apple silicone case,apple silicone case,"['apple', 'silicone', 'case']","['apple', 'silicone', 'case']","['appl', 'silicon', 'case']","['apple', 'silicone', 'case']",apple silicone case
Apple Clear Case,Phone Case,Apple,iPhone 15,11990,18,3 Months,Transparent,apple clear case,apple clear case,"['apple', 'clear', 'case']","['apple', 'clear', 'case']","['appl', 'clear', 'case']","['apple', 'clear', 'case']",apple clear case
Samsung Clear Case,Phone Case,Samsung,Galaxy S24,5990,20,3 Months,Transparent,samsung clear case,samsung clear case,"['samsung', 'clear', 'case']","['samsung', 'clear', 'case']","['samsung', 'clear', 'case']","['samsung', 'clear', 'case']",samsung clear case
Spigen Rugged Armor,Phone Case,Spigen,Universal,7990,30,6 Months,Black,spigen rugged armor,spigen rugged armor,"['spigen', 'rugged', 'armor']","['spigen', 'rugged', 'armor']","['spigen', 'rug', 'armor']","['spigen', 'rugged', 'armor']",spigen rugged armor
Ringke Fusion X,Phone Case,Ringke,Universal,8990,24,6 Months,Black,ringke fusion x,ringke fusion x,"['ringke', 'fusion', 'x']","['ringke', 'fusion', 'x']","['ringk', 'fusion', 'x']","['ringke', 'fusion', 'x']",ringke fusion x
Tempered Glass Screen Protector,Screen Protector,Generic,Universal,1990,60,No Warranty,Clear,tempered glass screen protector,tempered glass screen protector,"['tempered', 'glass', 'screen', 'protector']","['tempered', 'glass', 'screen', 'protector']","['temper', 'glass', 'screen', 'protector']","['tempered', 'glass', 'screen', 'protector']",tempered glass screen protector
Privacy Screen Protector,Screen Protector,ESR,iPhone,4990,25,No Warranty,Black,privacy screen protector,privacy screen protector,"['privacy', 'screen', 'protector']","['privacy', 'screen', 'protector']","['privaci', 'screen', 'protector']","['privacy', 'screen', 'protector']",privacy screen protector
Camera Lens Protector,Camera Protector,ESR,iPhone 15,3990,25,No Warranty,Clear,camera lens protector,camera lens protector,"['camera', 'lens', 'protector']","['camera', 'lens', 'protector']","['camera', 'len', 'protector']","['camera', 'lens', 'protector']",camera lens protector
SanDisk Ultra 64GB,Memory Card,SanDisk,Android Phones,4990,35,5 Years,Black,sandisk ultra 64gb,sandisk ultra 64gb,"['sandisk', 'ultra', '64gb']","['sandisk', 'ultra', '64gb']","['sandisk', 'ultra', '64gb']","['sandisk', 'ultra', '64gb']",sandisk ultra 64gb
SanDisk Ultra 128GB,Memory Card,SanDisk,Android Phones,7990,28,5 Years,Black,sandisk ultra 128gb,sandisk ultra 128gb,"['sandisk', 'ultra', '128gb']","['sandisk', 'ultra', '128gb']","['sandisk', 'ultra', '128gb']","['sandisk', 'ultra', '128gb']",sandisk ultra 128gb
Samsung EVO Plus 128GB,Memory Card,Samsung,Android Phones,8990,22,10 Years,White,samsung evo plus 128gb,samsung evo plus 128gb,"['samsung', 'evo', 'plus', '128gb']","['samsung', 'evo', 'plus', '128gb']","['samsung', 'evo', 'plu', '128gb']","['samsung', 'evo', 'plus', '128gb']",samsung evo plus 128gb
Samsung EVO Plus 256GB,Memory Card,Samsung,Android Phones,13990,18,10 Years,White,samsung evo plus 256gb,samsung evo plus 256gb,"['samsung', 'evo', 'plus', '256gb']","['samsung', 'evo', 'plus', '256gb']","['samsung', 'evo', 'plu', '256gb']","['samsung', 'evo', 'plus', '256gb']",samsung evo plus 256gb
Anker PowerCore 10000,Power Bank,Anker,Universal,11990,20,18 Months,Black,anker powercore 10000,anker powercore 10000,"['anker', 'powercore', '10000']","['anker', 'powercore', '10000']","['anker', 'powercor', '10000']","['anker', 'powercore', '10000']",anker powercore 10000
Baseus 20000mAh Power Bank,Power Bank,Baseus,Universal,15990,12,12 Months,Black,baseus 20000mah power bank,baseus 20000mah power bank,"['baseus', '20000mah', 'power', 'bank']","['baseus', '20000mah', 'power', 'bank']","['baseu', '20000mah', 'power', 'bank']","['baseus', '20000mah', 'power', 'bank']",baseus 20000mah power bank
Xiaomi 10000mAh Power Bank,Power Bank,Xiaomi,Universal,8990,20,12 Months,Silver,xiaomi 10000mah power bank,xiaomi 10000mah power bank,"['xiaomi', '10000mah', 'power', 'bank']","['xiaomi', '10000mah', 'power', 'bank']","['xiaomi', '10000mah', 'power', 'bank']","['xiaomi', '10000mah', 'power', 'bank']",xiaomi 10000mah power bank
Apple AirTag,Smart Tracker,Apple,iPhone,10990,18,12 Months,White,apple airtag,apple airtag,"['apple', 'airtag']","['apple', 'airtag']","['appl', 'airtag']","['apple', 'airtag']",apple airtag
Samsung SmartTag2,Smart Tracker,Samsung,Galaxy Series,11990,15,12 Months,Black,samsung smarttag2,samsung smarttag2,"['samsung', 'smarttag2']","['samsung', 'smarttag2']","['samsung', 'smarttag2']","['samsung', 'smarttag2']",samsung smarttag2
Baseus Dual USB Car Charger,Car Charger,Baseus,Universal,3990,30,12 Months,Black,baseus dual usb car charger,baseus dual usb car charger,"['baseus', 'dual', 'usb', 'car', 'charger']","['baseus', 'dual', 'usb', 'car', 'charger']","['baseu', 'dual', 'usb', 'car', 'charger']","['baseus', 'dual', 'usb', 'car', 'charger']",baseus dual usb car charger
Anker USB-C Car Charger,Car Charger,Anker,Universal,5990,18,18 Months,Black,anker usb-c car charger,anker usbc car charger,"['anker', 'usbc', 'car', 'charger']","['anker', 'usbc', 'car', 'charger']","['anker', 'usbc', 'car', 'charger']","['anker', 'usbc', 'car', 'charger']",anker usbc car charger
Spigen Car Phone Mount,Car Mount,Spigen,Universal,5990,16,12 Months,Black,spigen car phone mount,spigen car phone mount,"['spigen', 'car', 'phone', 'mount']","['spigen', 'car', 'phone', 'mount']","['spigen', 'car', 'phone', 'mount']","['spigen', 'car', 'phone', 'mount']",spigen car phone mount
Baseus Magnetic Car Mount,Car Mount,Baseus,Universal,4990,18,12 Months,Black,baseus magnetic car mount,baseus magnetic car mount,"['baseus', 'magnetic', 'car', 'mount']","['baseus', 'magnetic', 'car', 'mount']","['baseu', 'magnet', 'car', 'mount']","['baseus', 'magnetic', 'car', 'mount']",baseus magnetic car mount
Xiaomi Selfie Stick Tripod,Selfie Stick,Xiaomi,Universal,7990,14,6 Months,Black,xiaomi selfie stick tripod,xiaomi selfie stick tripod,"['xiaomi', 'selfie', 'stick', 'tripod']","['xiaomi', 'selfie', 'stick', 'tripod']","['xiaomi', 'selfi', 'stick', 'tripod']","['xiaomi', 'selfie', 'stick', 'tripod']",xiaomi selfie stick tripod
JBL Go 4,Bluetooth Speaker,JBL,Universal,17990,18,12 Months,Black,jbl go 4,jbl go 4,"['jbl', 'go', '4']","['jbl', 'go', '4']","['jbl', 'go', '4']","['jbl', 'go', '4']",jbl go 4
Sony SRS-XB100,Bluetooth Speaker,Sony,Universal,19990,15,12 Months,Blue,sony srs-xb100,sony srsxb100,"['sony', 'srsxb100']","['sony', 'srsxb100']","['soni', 'srsxb100']","['sony', 'srsxb100']",sony srsxb100
Apple Watch Charger,Smartwatch Charger,Apple,Apple Watch,8990,20,12 Months,White,apple watch charger,apple watch charger,"['apple', 'watch', 'charger']","['apple', 'watch', 'charger']","['appl', 'watch', 'charger']","['apple', 'watch', 'charger']",apple watch charger
Samsung Watch Charger,Smartwatch Charger,Samsung,Galaxy Watch,7990,18,12 Months,Black,samsung watch charger,samsung watch charger,"['samsung', 'watch', 'charger']","['samsung', 'watch', 'charger']","['samsung', 'watch', 'charger']","['samsung', 'watch', 'charger']",samsung watch charger
Logitech K480 Keyboard,Keyboard,Logitech,Universal,14990,15,12 Months,Black,logitech k480 keyboard,logitech k480 keyboard,"['logitech', 'k480', 'keyboard']","['logitech', 'k480', 'keyboard']","['logitech', 'k480', 'keyboard']","['logitech', 'k480', 'keyboard']",logitech k480 keyboard
Logitech Pebble Mouse,Mouse,Logitech,Universal,8990,22,12 Months,White,logitech pebble mouse,logitech pebble mouse,"['logitech', 'pebble', 'mouse']","['logitech', 'pebble', 'mouse']","['logitech', 'pebbl', 'mous']","['logitech', 'pebble', 'mouse']",logitech pebble mouse
UGREEN USB-C OTG Adapter,Adapter,UGREEN,USB-C Phones,2990,35,6 Months,Gray,ugreen usb-c otg adapter,ugreen usbc otg adapter,"['ugreen', 'usbc', 'otg', 'adapter']","['ugreen', 'usbc', 'otg', 'adapter']","['ugreen', 'usbc', 'otg', 'adapt']","['ugreen', 'usbc', 'otg', 'adapter']",ugreen usbc otg adapter
Baseus USB-C Hub,USB Hub,Baseus,USB-C Phones,11990,15,12 Months,Gray,baseus usb-c hub,baseus usbc hub,"['baseus', 'usbc', 'hub']","['baseus', 'usbc', 'hub']","['baseu', 'usbc', 'hub']","['baseus', 'usbc', 'hub']",baseus usbc hub
Black Shark Phone Cooler,Cooling Fan,Black Shark,Gaming Phones,13990,12,12 Months,Black,black shark phone cooler,black shark phone cooler,"['black', 'shark', 'phone', 'cooler']","['black', 'shark', 'phone', 'cooler']","['black', 'shark', 'phone', 'cooler']","['black', 'shark', 'phone', 'cooler']",black shark phone cooler
PUBG Mobile Gaming Triggers,Gaming Accessory,Generic,Universal,2490,40,No Warranty,Black,pubg mobile gaming triggers,pubg mobile gaming triggers,"['pubg', 'mobile', 'gaming', 'triggers']","['pubg', 'mobile', 'gaming', 'triggers']","['pubg', 'mobil', 'game', 'trigger']","['pubg', 'mobile', 'gaming', 'trigger']",pubg mobile gaming trigger
