repair_service,supported_brand,estimated_price_lkr,estimated_time,warranty,description,lowercase,no_punctuation,tokens,no_stopwords,stemmed,lemmatized,processed_text
Screen Replacement,Apple,35000,2 Hours,3 Months,Original-quality screen replacement,screen replacement,screen replacement,"['screen', 'replacement']","['screen', 'replacement']","['screen', 'replac']","['screen', 'replacement']",screen replacement
Screen Replacement,Samsung,28000,2 Hours,3 Months,Genuine display replacement,screen replacement,screen replacement,"['screen', 'replacement']","['screen', 'replacement']","['screen', 'replac']","['screen', 'replacement']",screen replacement
Screen Replacement,Xiaomi,18000,2 Hours,3 Months,High-quality replacement display,screen replacement,screen replacement,"['screen', 'replacement']","['screen', 'replacement']","['screen', 'replac']","['screen', 'replacement']",screen replacement
Battery Replacement,Apple,18000,1 Hour,6 Months,Original battery replacement,battery replacement,battery replacement,"['battery', 'replacement']","['battery', 'replacement']","['batteri', 'replac']","['battery', 'replacement']",battery replacement
Battery Replacement,Samsung,12000,1 Hour,6 Months,Genuine Samsung battery,battery replacement,battery replacement,"['battery', 'replacement']","['battery', 'replacement']","['batteri', 'replac']","['battery', 'replacement']",battery replacement
Battery Replacement,Xiaomi,8500,1 Hour,6 Months,Replacement battery,battery replacement,battery replacement,"['battery', 'replacement']","['battery', 'replacement']","['batteri', 'replac']","['battery', 'replacement']",battery replacement
Charging Port Repair,Apple,14000,2 Hours,3 Months,Charging connector replacement,charging port repair,charging port repair,"['charging', 'port', 'repair']","['charging', 'port', 'repair']","['charg', 'port', 'repair']","['charging', 'port', 'repair']",charging port repair
Charging Port Repair,Samsung,10000,2 Hours,3 Months,USB-C charging port repair,charging port repair,charging port repair,"['charging', 'port', 'repair']","['charging', 'port', 'repair']","['charg', 'port', 'repair']","['charging', 'port', 'repair']",charging port repair
Charging Port Repair,Xiaomi,8000,2 Hours,3 Months,Charging port replacement,charging port repair,charging port repair,"['charging', 'port', 'repair']","['charging', 'port', 'repair']","['charg', 'port', 'repair']","['charging', 'port', 'repair']",charging port repair
Camera Replacement,Apple,24000,2 Hours,3 Months,Rear camera replacement,camera replacement,camera replacement,"['camera', 'replacement']","['camera', 'replacement']","['camera', 'replac']","['camera', 'replacement']",camera replacement
Camera Replacement,Samsung,20000,2 Hours,3 Months,Camera module replacement,camera replacement,camera replacement,"['camera', 'replacement']","['camera', 'replacement']","['camera', 'replac']","['camera', 'replacement']",camera replacement
Front Camera Repair,Universal,9000,1 Hour,3 Months,Front camera replacement,front camera repair,front camera repair,"['front', 'camera', 'repair']","['front', 'camera', 'repair']","['front', 'camera', 'repair']","['front', 'camera', 'repair']",front camera repair
Speaker Replacement,Universal,7500,1 Hour,3 Months,Loudspeaker repair,speaker replacement,speaker replacement,"['speaker', 'replacement']","['speaker', 'replacement']","['speaker', 'replac']","['speaker', 'replacement']",speaker replacement
Microphone Repair,Universal,7000,1 Hour,3 Months,Microphone replacement,microphone repair,microphone repair,"['microphone', 'repair']","['microphone', 'repair']","['microphon', 'repair']","['microphone', 'repair']",microphone repair
Back Glass Replacement,Apple,22000,3 Hours,3 Months,Replace damaged back glass,back glass replacement,back glass replacement,"['back', 'glass', 'replacement']","['back', 'glass', 'replacement']","['back', 'glass', 'replac']","['back', 'glass', 'replacement']",back glass replacement
Back Cover Replacement,Samsung,11000,1 Hour,3 Months,Back cover replacement,back cover replacement,back cover replacement,"['back', 'cover', 'replacement']","['back', 'cover', 'replacement']","['back', 'cover', 'replac']","['back', 'cover', 'replacement']",back cover replacement
Water Damage Inspection,Universal,5000,24 Hours,No Warranty,Device inspection after water damage,water damage inspection,water damage inspection,"['water', 'damage', 'inspection']","['water', 'damage', 'inspection']","['water', 'damag', 'inspect']","['water', 'damage', 'inspection']",water damage inspection
Software Update,Universal,2500,30 Minutes,No Warranty,Firmware installation,software update,software update,"['software', 'update']","['software', 'update']","['softwar', 'updat']","['software', 'update']",software update
Factory Reset,Universal,1500,20 Minutes,No Warranty,Data wipe and reset,factory reset,factory reset,"['factory', 'reset']","['factory', 'reset']","['factori', 'reset']","['factory', 'reset']",factory reset
Virus Removal,Android,3000,45 Minutes,No Warranty,Remove malware and optimize phone,virus removal,virus removal,"['virus', 'removal']","['virus', 'removal']","['viru', 'remov']","['virus', 'removal']",virus removal
Face ID Repair,Apple,32000,1 Day,3 Months,Face ID diagnosis and repair,face id repair,face id repair,"['face', 'id', 'repair']","['face', 'id', 'repair']","['face', 'id', 'repair']","['face', 'id', 'repair']",face id repair
Fingerprint Sensor Repair,Android,8000,2 Hours,3 Months,Replace fingerprint sensor,fingerprint sensor repair,fingerprint sensor repair,"['fingerprint', 'sensor', 'repair']","['fingerprint', 'sensor', 'repair']","['fingerprint', 'sensor', 'repair']","['fingerprint', 'sensor', 'repair']",fingerprint sensor repair
SIM Tray Replacement,Universal,1500,15 Minutes,No Warranty,New SIM tray installation,sim tray replacement,sim tray replacement,"['sim', 'tray', 'replacement']","['sim', 'tray', 'replacement']","['sim', 'tray', 'replac']","['sim', 'tray', 'replacement']",sim tray replacement
Power Button Repair,Universal,5500,1 Hour,3 Months,Repair power button,power button repair,power button repair,"['power', 'button', 'repair']","['power', 'button', 'repair']","['power', 'button', 'repair']","['power', 'button', 'repair']",power button repair
Volume Button Repair,Universal,5000,1 Hour,3 Months,Repair volume buttons,volume button repair,volume button repair,"['volume', 'button', 'repair']","['volume', 'button', 'repair']","['volum', 'button', 'repair']","['volume', 'button', 'repair']",volume button repair
Motherboard Diagnosis,Universal,6000,1 Day,No Warranty,Full hardware diagnosis,motherboard diagnosis,motherboard diagnosis,"['motherboard', 'diagnosis']","['motherboard', 'diagnosis']","['motherboard', 'diagnosi']","['motherboard', 'diagnosis']",motherboard diagnosis
Motherboard Repair,Apple,45000,2 Days,3 Months,Advanced motherboard repair,motherboard repair,motherboard repair,"['motherboard', 'repair']","['motherboard', 'repair']","['motherboard', 'repair']","['motherboard', 'repair']",motherboard repair
Motherboard Repair,Samsung,35000,2 Days,3 Months,Chip-level motherboard repair,motherboard repair,motherboard repair,"['motherboard', 'repair']","['motherboard', 'repair']","['motherboard', 'repair']","['motherboard', 'repair']",motherboard repair
Data Recovery,Universal,15000,2 Days,No Warranty,Recover deleted or inaccessible data,data recovery,data recovery,"['data', 'recovery']","['data', 'recovery']","['data', 'recoveri']","['data', 'recovery']",data recovery
Screen Protector Installation,Universal,500,10 Minutes,No Warranty,Install tempered glass professionally,screen protector installation,screen protector installation,"['screen', 'protector', 'installation']","['screen', 'protector', 'installation']","['screen', 'protector', 'instal']","['screen', 'protector', 'installation']",screen protector installation
